{
    "esp-idf": {
        "HEAD": "v5.5.1-dirty",
        "submodules": [
            {
                "name": "components/bootloader/subproject/components/micro-ecc/micro-ecc",
                "version": "v1.1"
            },
            {
                "name": "components/bt/controller/lib_esp32",
                "version": "185c720"
            },
            {
                "name": "components/bt/controller/lib_esp32c2/esp32c2-bt-lib",
                "version": "ff958fa"
            },
            {
                "name": "components/bt/controller/lib_esp32c3_family",
                "version": "0c68809"
            },
            {
                "name": "components/bt/controller/lib_esp32c5/esp32c5-bt-lib",
                "version": "74cfecd"
            },
            {
                "name": "components/bt/controller/lib_esp32c6/esp32c6-bt-lib",
                "version": "3655fcd"
            },
            {
                "name": "components/bt/controller/lib_esp32h2/esp32h2-bt-lib",
                "version": "a2ba40f"
            },
            {
                "name": "components/bt/esp_ble_mesh/lib/lib",
                "version": "d9fe7de"
            },
            {
                "name": "components/bt/host/nimble/nimble",
                "version": "nimble_1_6_0_tag-340-gb45dcedc"
            },
            {
                "name": "components/cmock/CMock",
                "version": "v2.5.2-2-geeecc49"
            },
            {
                "name": "components/esp_coex/lib",
                "version": "2d68674"
            },
            {
                "name": "components/esp_phy/lib",
                "version": "45ce270"
            },
            {
                "name": "components/esp_wifi/lib",
                "version": "c1f74dcf"
            },
            {
                "name": "components/heap/tlsf",
                "version": "2867f68"
            },
            {
                "name": "components/json/cJSON",
                "version": "v1.7.18-13-g8f2beb5"
            },
            {
                "name": "components/lwip/lwip",
                "version": "ebabd6d7"
            },
            {
                "name": "components/mbedtls/mbedtls",
                "version": "mbedtls-3.6.4-9-gb5d87eaa6"
            },
            {
                "name": "components/mqtt/esp-mqtt",
                "version": "ESP-MQTT_FOR_IDF_4.x-306-g6af4446"
            },
            {
                "name": "components/openthread/lib",
                "version": "ec0296c"
            },
            {
                "name": "components/openthread/openthread",
                "version": "thread-reference-20230706-1412-gb945928d7"
            },
            {
                "name": "components/protobuf-c/protobuf-c",
                "version": "v1.4.1"
            },
            {
                "name": "components/spiffs/spiffs",
                "version": "0.3.7-39-g0dbb3f7"
            },
            {
                "name": "components/unity/unity",
                "version": "v2.6.0_RC1"
            }
        ]
    },
    "project": {
        "name": "SmartHomeSystem",
        "version": "1.4"
    },
    "toolchain": "riscv32-esp-elf-gcc (crosstool-NG esp-14.2.0_20241119) 14.2.0\r"
}